{
    "Intrinsic": [[1904.91005804,0.0,1908.79679288],[0.0,1905.05128603,1055.7136184],[0.0,0.0,1.0]],
    "Distortion": {"method": "normal", "param": [-0.02437487,-0.02314749,0.02381382,-0.01189084]},
    "Framerate":30
}